harshada,harsha123,Harshada Pawale,harsha123
sanika,sanu123,Sanika Daundkar,sanu123
harshada,harsha123,Harshada Pawale,harsha123
sanika,sanu123,Sanika Daundkar,sanu123
jhon,test@123,Jhon sood,test@123
nobita,nob,Nobita d,nob
harshada,harsha123,Harshada Pawale,harsha123
sanika,sanu123,Sanika Daundkar,sanu123
harshada,harsha123,Harshada Pawale,harsha123
sanika,sanu123,Sanika Daundkar,sanu123
jhon,test@123,Jhon sood,test@123
nobita,nob,Nobita d,nob
sush,sush1,Sushant,sush12
sital,shital12,shital,shital12
